id,treatment,g Slurry,dilution factor,N-NH4,N-NH4 mg/L
A1,acid,1.177,50,47,1996.601529
A2,acid,1.079,50,42,1946.246525
A3,acid,1.076,50,42,1951.672862
C1,cont,1.183,50,42,1775.147929
C2,cont,1.136,50,49,2156.690141
C3,cont,1.098,50,43,1950.998185